people,change_pr_number,change_role_time,change_role,involved_pr_after_permission_change
anuraaga,3339,2021-01-05 06:23:05,Reviewer,3339
basvanbeek,3459,2022-06-21 09:02:17,Reviewer,3459
codefromthecrypt,3375,2021-09-09 00:07:45,Reviewer,3375#3376#3377
jcchavezs,3384,2021-11-29 22:28:16,Reviewer,3384#3397#3398#3405#3417
jeqo,3381,2021-10-20 23:35:29,Reviewer,3381#3399
jonkerj,3417,2022-01-25 09:41:42,Reviewer,3417
llinder,3402,2021-12-13 14:28:46,Reviewer,3402
codefromthecrypt,3471,2022-08-18 12:04:33,Maintainer,3471
jcchavezs,3378,2021-12-02 13:05:05,Maintainer,3378#3397#3398#3404#3405#3411#3414#3415#3417#3418#3419#3420#3421#3422#3423
jeqo,3399,2021-12-10 18:24:43,Maintainer,3399
jorgheymans,3338,2021-01-03 15:47:40,Maintainer,3338
llinder,3375,2021-09-09 02:15:48,Maintainer,3375#3376#3377#3381#3392#3394#3395
tacigar,3339,2021-01-05 14:24:56,Maintainer,3339
